Sequence,Amyloid
AAELRN,0
AARRFF,0
AEKLFD,0
AEMEYL,0
AENGKS,0
AEVLAL,0
AGVNYF,1
AINKIQ,0
ALEEYT,1
AQFIIS,1
ASSSNY,1
ATVIIE,1
DADLYL,0
DAVKIS,0
DCVNIT,1
DDSLFF,0
DECFFF,0
DIEVDL,0
DILTYT,0
DLLKNG,0
DTVIIE,1
EALYLV,0
ECFFFE,0
EECLFL,0
EGVLYV,1
EHSDLS,0
EIPAGV,0
EKDEYA,0
EKNLYL,0
ERGFFY,0
ERIEKV,0
ETVIIE,1
ETWFFG,0
ETYVVT,0
EVDLLK,0
EYLKIA,0
EYSNFS,1
FERQHM,0
FESNFN,1
FFWRFM,0
FFYTPK,0
FGELFE,0
FHPSDI,0
FLKYFT,0
FLVHSS,1
FMFFII,0
FSKDWS,0
FTPTEK,0
FTVIIE,1
FVNQHL,0
FYLLYY,1
FYTPKT,0
GERGFF,0
GEWTYD,1
GFFYTP,0
GGVVIA,1
GMFNIQ,0
GNTCVN,1
GNVCIN,1
GSHLVE,0
GTFFIN,1
GTFFIT,1
GTFNII,1
GTVIIE,1
GTVLFM,1
GVNYFL,1
HAFLII,0
HFVWIA,1
HGWLIM,1
HIFIIM,0
HKALFW,0
HLVEAL,0
HLVYIM,1
HPAENG,0
HQLIIM,1
HSSNNF,1
HYFNIF,1
ICSLYQ,0
IEKVEH,0
IEMIFV,1
IFDFIQ,1
IHKAQN,0
ILENIS,0
IQRTPK,0
IQVYSR,0
ISFLIF,1
ISMTTS,0
ITVIIE,1
KAFIIQ,0
KAILFL,0
KDWSFY,1
KECLIN,0
KENIIF,0
KGENFT,0
KHIIVA,1
KIVKWD,1
KLFIIQ,1
KLLEIA,0
KLLIYE,1
KMFFIQ,0
KSHPET,0
KSNFLN,0
KTVIIE,0
KTVIIT,0
KTVIVE,0
KTVIYE,0
KTVLIE,0
KVEHSD,0
KVQIIN,1
KWDRDM,0
LAEAIG,0
LAVLFL,1
LIAGFN,0
LIFLIV,1
LKNGER,0
LLYYTE,1
LMSLFG,0
LSFSKD,0
LSQPKI,0
LTVIIE,1
LVEALY,1
LYQLEN,1
MIENIQ,1
MLVLFV,1
MTVIIE,1
MVGGVV,1
MYFFIF,0
MYWIIF,0
NFGAIL,1
NFGSVQ,1
NFLVHS,1
NGERIE,0
NGKSNF,0
NHVTLS,1
NIQYQF,0
NIVLIM,0
NLGPVL,0
NNQNTF,1
NNQQNY,1
NQFIIS,1
NQQNQY,1
NTVIIE,1
NYFAIR,0
NYNTYR,0
NYVWIV,1
PKIQVY,0
PSDIEV,0
PTEKDE,0
PTVIIE,0
QANKHI,1
QAQNQW,0
QEMRHF,1
QLENYC,1
QPKIVK,0
QTNLYG,0
QTVIIE,1
RETWFF,0
RGFFYT,0
RLVFID,0
RMFNII,0
RNLTKD,0
RQVLIF,1
RRWQWR,1
RTPKIQ,0
RVAFFE,0
RVFNIM,1
RVNHVT,0
SAVIIE,1
SDLSFS,0
SDVIIE,1
SEVIIE,1
SFFFIQ,1
SFLIFL,1
SFQIYA,1
SFVIIE,1
SGDGSL,0
SGFHPS,0
SGVIIE,1
SHLVEA,0
SIVIIE,1
SLVIIE,1
SLYQLE,0
SMVIIE,1
SMVLFS,1
SNQNNF,1
SNVIIE,1
SPVIIE,0
SQFYIT,1
SQVIIE,1
SRHPAE,0
SSNNFG,0
SSTNVG,1
SSTSAA,1
TAELIT,0
TAWYAE,0
TEFTPT,0
TFQINS,1
TFWEIS,0
TLKNYI,0
TNELYM,0
TTVIIE,1
TYQIIR,0
TYSFYC,0
TYVEYI,1
VAWLKM,0
VEALYL,1
VILLIS,1
VKWDRD,0
VQIVYK,1
VSFEIV,1
VTLSQP,0
VTQEFW,0
VTSTFS,1
VTVIIE,1
VYSRHP,0
WIVIFF,1
WSFYLL,0
WTVIIE,1
WVENYP,0
WVFWIG,1
WYFYIQ,0
YASEIE,0
YLEIII,0
YLNWYQ,1
YQLENY,0
YTFTIS,0
YTVIIE,1
YVEYIG,1
YVSGFH,0
YYQNYQ,1
YYTEFT,0
AAELRN,0
AARRFF,0
AEKLFD,0
AEMEYL,0
AENGKS,0
AEVLAL,0
AGVNYF,1
AINKIQ,0
